{"overall": {"count": 5034, "em": 0.8516090584028605, "f1": 0.883101973295184}, "answerable": {"count": 3524, "em": 0.79738933030647, "f1": 0.8423766553825074}, "unanswerable": {"count": 1510, "em": 0.9781456953642385, "f1": 0.9781456953642385}, "answerable accuracy": 0.9499404052443385}