{"overall": {"count": 5034, "em": 0.8528009535160905, "f1": 0.8827286893733117}, "answerable": {"count": 3524, "em": 0.8022133938706016, "f1": 0.8449648757960407}, "unanswerable": {"count": 1510, "em": 0.9708609271523179, "f1": 0.9708609271523179}, "answerable accuracy": 0.9509336511720302}