{"overall": {"count": 5034, "em": 0.8529996027016289, "f1": 0.8817766109043452}, "answerable": {"count": 3524, "em": 0.7968217934165721, "f1": 0.8379294719899181}, "unanswerable": {"count": 1510, "em": 0.9841059602649007, "f1": 0.9841059602649007}, "answerable accuracy": 0.9431863329360349}