{"overall": {"count": 5034, "em": 0.8452522844656337, "f1": 0.8782850777321596}, "answerable": {"count": 3524, "em": 0.7917139614074915, "f1": 0.8389009878841348}, "unanswerable": {"count": 1510, "em": 0.9701986754966887, "f1": 0.9701986754966887}, "answerable accuracy": 0.952522844656337}