{"overall": {"count": 5034, "em": 0.8528009535160905, "f1": 0.8859998075448776}, "answerable": {"count": 3524, "em": 0.8019296254256527, "f1": 0.84935386809901}, "unanswerable": {"count": 1510, "em": 0.971523178807947, "f1": 0.971523178807947}, "answerable accuracy": 0.9535160905840286}